Name,h1,h2,N1,N2,vocabulary,length,volume,difficulty,effort,time,bugs,MI,CC,CCL,CCO,CEE,CI,LDC,LLDC,CLLC,CLC,NCR,CR,CEG,TLLOC,TLOC,TNCL,TNFI,TNM,TNOS,TNPKG,TCLOC,TNDI,WarningBlocker,WarningCritical,WarningMajor,WarningMinor,WarningInfo
ART,5.426253687315635,37.78023598820059,29.793510324483776,54.13274336283186,43.206489675516224,83.92625368731564,584.4124435412066,3.7886075373526054,6123.228869246955,340.17938162483125,0.19480414784706865,72.34781873320293,4.518860495147908,281,2056,10924.2119140625,721,15465,12359,0.11876117438077927,0.10747121274471283,0.13568809628486633,0.2540925145149231,2.7318687438964844,104066,143899,591,677,4344,45583,160,39251,163,0,3344,1814,15850,0
BentoML,2.0273224043715845,9.528688524590164,6.3756830601092895,12.117486338797814,11.556010928961749,18.493169398907103,104.17915828968982,1.2490320375596367,673.5250782230642,37.41805990128136,0.034726386096563304,81.45223472330935,2.3154162043178315,64,590,712.3541870117188,167,4372,3594,0.06630261987447739,0.06663618236780167,0.1875,0.23283939063549042,3.5432631969451904,54206,65610,456,710,2491,15924,290,7413,293,0,1565,922,2645,0
Bokeh,1.6798780487804879,11.704878048780488,8.170731707317072,15.144512195121951,13.384756097560976,23.315243902439025,138.80387375452622,1.0764296446017003,565.6254177996962,31.42363432220535,0.04626795791817535,84.17496475993441,2.135700455362196,147,459,252.1875,404,8692,5623,0.05708397552371025,0.057174429297447205,0.10839812457561493,0.05262666940689087,0.9515992403030396,98504,152026,1491,1624,6243,33119,422,44318,425,0,2869,2791,11479,0
Camel,2.110599078341014,9.350230414746544,6.188940092165899,11.857142857142858,11.460829493087557,18.046082949308754,89.49689081119367,1.3521212356790309,427.1899997429278,23.732777763495996,0.029832296937064542,85.47087321342376,2.7772250173639015,10,138,941.75,29,746,524,0.03730599582195282,0.03915804997086525,0.34285715222358704,0.5882813930511475,8.569811820983887,14046,19051,98,217,682,4713,65,5795,68,0,389,158,314,0
CatBoost,1.7673254620123204,17.382161190965093,14.407392197125256,26.279517453798768,19.149486652977412,40.68690965092402,317.48236369812463,1.2761343026740632,4268.967052223637,237.1648362346525,0.10582745456604073,88.95554337688846,2.808549072794965,68,835,3082.65380859375,179,5702,4899,0.09918610006570816,0.08904505521059036,0.08559120446443558,1.7359497547149658,21.278594970703125,49392,64035,200,4352,2489,20577,4175,5824,4178,0,641,1216,8203,0
Causal ML,5.075,41.9125,30.725,60.2875,46.9875,91.0125,632.9169284474245,3.62071791200916,5606.424030173295,311.4680016762942,0.21097230948247486,72.84707957347659,3.296522419601623,30,234,802.2000122070312,90,1578,1224,0.08990084379911423,0.09631935507059097,0.15000000596046448,0.23449137806892395,3.5050511360168457,13615,16383,56,80,434,4418,22,4387,25,0,77,460,2907,0
Chainer,4.423676012461059,23.123052959501557,17.950934579439252,33.112928348909655,27.546728971962615,51.06386292834891,309.1787397968756,3.094065805863134,2421.386884653562,134.52149359186504,0.1030595799322916,67.6106728694973,2.511607589668547,115,665,7825.1513671875,333,5243,4354,0.032780714333057404,0.031767286360263824,0.18561264872550964,0.09061409533023834,1.0107084512710571,132822,165044,2162,985,10462,56471,169,22296,172,0,10102,2131,13826,0
Computer Vision,3.4328358208955225,20.149253731343283,14.309701492537313,27.167910447761194,23.582089552238806,41.47761194029851,258.4549286230836,2.267761176352831,2038.6334614020484,113.257414522336,0.08615164287436126,79.33155452114872,2.623961560105763,19,97,328.5,40,1112,936,0.04105443134903908,0.03820386901497841,0.11513157933950424,0.03690402954816818,0.6368677020072937,22799,29107,142,268,1282,10304,108,4840,111,0,457,1476,4860,0
D2L,1.5492957746478873,38.70422535211268,27.3943661971831,49.690140845070424,40.25352112676056,77.08450704225352,719.2359781068674,1.0368676033892374,9502.422845144878,527.9123802858265,0.2397453260356225,92.31362291237849,1.7014231100692259,7,135,53.33333206176758,19,549,529,0.05771328881382942,0.04941494017839432,0.2063492089509964,0.3183019459247589,7.987400054931641,9166,11110,195,71,976,4913,63,2300,66,0,199,523,2180,0
Darts,5.6953125,50.546875,39.859375,72.2734375,56.2421875,112.1328125,825.1903583013298,4.001006406258763,8103.506422989899,450.1948012772165,0.27506345276710975,67.8110737019905,3.2892858060160455,120,619,2522.880126953125,293,8190,6575,0.08020933717489243,0.08379288017749786,0.11908333748579025,0.1175369918346405,1.5003935098648071,81973,97741,373,256,2691,22490,59,27409,62,0,2270,894,12553,0
Dash,1.8926315789473684,12.829473684210527,8.223157894736842,15.471578947368421,14.722105263157895,23.694736842105264,138.43519102922542,1.1337047225220438,630.9479278220814,35.05266265678228,0.04614506367640855,78.9831255157161,3.2869656600653836,29,129,213.86668395996094,77,1849,1371,0.03899760916829109,0.0410214327275753,0.07969348877668381,0.028127964586019516,0.5242471098899841,35156,45074,110,475,2156,13319,195,3784,198,0,1304,873,3449,0
DeepChem,3.306378132118451,21.662870159453302,16.28018223234624,29.968109339407746,24.969248291571756,46.24829157175399,294.10791985333293,2.2311510922333926,2431.174497179291,135.06524984329414,0.09803597328444436,73.76737474487534,3.3565997347707013,230,1392,6804.6943359375,611,15972,11420,0.0851355716586113,0.1009620875120163,0.23620101809501648,0.2654936611652374,3.0073940753936768,134139,158198,830,878,4833,42736,171,56917,174,0,6652,10073,9640,0
DeepMind Control,4.141333333333334,19.944,14.970666666666666,26.837333333333333,24.085333333333335,41.808,257.1768407174174,2.6699352548902335,2167.9714053664275,120.44285585369038,0.0857256135724726,76.0331423082232,2.219804181755007,13,57,59.583335876464844,27,606,540,0.011872045695781708,0.009929054416716099,0.13461539149284363,0.012227474711835384,0.29915130138397217,45485,61033,530,375,3599,19790,84,14180,87,0,141,27485,1467,0
DeepPavlov,3.948,21.056,15.328,28.648,25.004,43.976,284.66877770434616,2.608884116674936,2654.88446915363,147.4935816196461,0.09488959256811547,79.79019444300735,5.566171608005117,3,24,6.888888835906982,6,164,92,0.004294048994779587,0.006009967532008886,0.1111111119389534,0.008774795569479465,0.4546707570552826,21425,27288,173,250,923,11124,80,7040,83,0,713,679,2204,0
Detectron2,3.953125,19.791666666666668,14.26736111111111,26.70486111111111,23.744791666666668,40.97222222222222,256.98936565129884,2.6002013966584516,2339.995716678479,129.99976203769307,0.0856631218837664,78.65301708386704,3.879718776056075,35,172,327.91668701171875,76,1913,1609,0.026856055483222008,0.025935115292668343,0.17380952835083008,0.030569836497306824,0.527720034122467,59912,73761,582,576,2895,23898,135,17800,138,0,2915,1144,3561,0
DIGITS,2.9964788732394365,17.883802816901408,12.908450704225352,24.193661971830984,20.880281690140844,37.102112676056336,241.00977287996557,1.9821301485172858,2366.764327240509,131.48690706891713,0.08033659095998852,82.79167630947117,3.3974522002025234,46,544,906.5714721679688,101,3317,2599,0.11942287534475327,0.11816886067390442,0.16304348409175873,0.36395981907844543,5.339666366577148,21763,28070,228,284,1276,9716,121,5732,124,0,920,615,1803,0
DragGan,7.0,52.547770700636946,43.605095541401276,83.0,59.547770700636946,126.60509554140127,906.6743700097352,5.314281742978616,11679.465993226411,648.8592218459116,0.30222479000324515,69.68073453310818,3.853187559541705,89,1418,9950.302734375,203,8257,6732,0.3216589391231537,0.2979898154735565,0.4874021112918854,6.263071537017822,59.176143646240234,20929,27709,212,163,1201,13103,52,5538,55,0,1096,433,4156,0
EasyOCR,4.866666666666666,32.95238095238095,24.923809523809524,47.43809523809524,37.819047619047616,72.36190476190477,487.6635354683808,3.5447475545491938,4848.058588628873,269.33658825715963,0.1625545118227936,70.95318952731769,3.9625471310541225,23,201,1151.0833740234375,52,1567,1372,0.11933548003435135,0.11091449856758118,0.23550724983215332,1.0640021562576294,14.981902122497559,11497,14128,116,104,542,6295,37,1775,40,0,450,301,1996,0
ELI5,4.476190476190476,20.885714285714286,14.6,27.257142857142856,25.36190476190476,41.857142857142854,240.07889313359402,2.885115050966793,1580.1696905724352,87.78720503180193,0.080026297711198,70.46506447033829,2.8307704145068464,1,2,4.25,2,40,36,0.003099173540249467,0.002757289679720998,0.125,0.0008608815260231495,0.05949755758047104,11616,14507,33,105,701,4456,23,3338,26,0,230,307,812,0
EvalAI,0.5481335952848723,4.18860510805501,2.675834970530452,4.913555992141454,4.736738703339882,7.589390962671906,49.20196319193764,0.3124144886080106,290.8795885493505,16.159977141630588,0.01640065439731254,93.09707020312486,3.0645914941126415,72,343,2839.7734375,181,4120,3692,0.09394162893295288,0.0891292616724968,0.1232098788022995,0.0806971862912178,1.014835238456726,39301,46225,552,509,1234,10598,208,2946,211,0,79,424,1540,0
facenet,4.688311688311688,30.415584415584416,20.662337662337663,39.753246753246756,35.103896103896105,60.41558441558441,391.0363603313024,3.0238199829933188,3218.31455999002,178.79525333277888,0.13034545344376755,73.3934783163289,3.172850001786616,11,45,1764.2857666015625,25,654,587,0.0832742229104042,0.06300578266382217,0.2857142984867096,0.13140669465065002,1.7576501369476318,7049,10380,20,77,312,4558,12,2305,15,0,656,240,2093,0
FaceSwap,6.053763440860215,39.333333333333336,27.623655913978496,50.215053763440864,45.38709677419355,77.83870967741936,523.7435967290234,3.833551428084614,4691.138502205003,260.6188056780557,0.17458119890967444,69.85052214401178,2.858684516379044,8,46,46.0,16,385,267,0.0037222919054329395,0.004652736708521843,0.11250000447034836,0.0033542450983077288,0.08760925382375717,71730,82747,495,278,3439,25173,65,32249,68,0,674,79,273,0
Fairseq,5.2793755135579294,25.221035332785537,19.48644207066557,35.9695973705834,30.500410846343467,55.456039441248976,350.57381229750547,3.6487565161558737,3725.3495665471432,206.96386480817435,0.11685793743250172,71.77311875649264,3.537567504479806,163,1358,40747.96484375,378,10262,8902,0.05794139578938484,0.05413389578461647,0.27470842003822327,0.28260254859924316,2.6616251468658447,153638,189567,1452,1216,8000,65760,353,21283,356,0,5055,3048,8787,0
FastAI,5.906542056074766,36.4392523364486,25.560747663551403,47.58878504672897,42.345794392523366,73.14953271028037,504.3500614575871,3.7440788529466955,5483.403843007459,304.6335468337477,0.1681166871525292,69.7301882221971,2.2916538298130553,0,0,0.0,0,0,0,0,0.0,0.0,0,0.0,15015,18223,279,107,1691,6480,21,3048,24,0,1841,1491,7147,0
FeatureTools,2.1814159292035398,16.77433628318584,11.298672566371682,21.238938053097346,18.95575221238938,32.53761061946903,218.68715459089967,1.371210112009362,1529.5014848580597,84.97230471433664,0.07289571819696651,82.12134696857919,3.1977183080084646,50,182,182.7897491455078,118,2725,2485,0.05016958713531494,0.045644890516996384,0.10656410455703735,0.026459146291017532,0.5080109238624573,49532,59700,387,452,2785,17347,63,7820,66,0,939,792,2948,0
FiftyOne,3.1152,27.7824,20.2928,38.2192,30.8976,58.512,437.16888301370193,2.0914254109702166,4675.726804320396,259.7626002400219,0.14572296100456708,79.94294020189413,3.0167571141697644,272,1555,13668.1435546875,717,16622,12233,0.07307559251785278,0.08072105795145035,0.07008003443479538,0.08390869945287704,0.8811098337173462,167402,205919,1167,624,7776,59966,325,53378,328,0,4544,2858,4156,0
gensim,4.333333333333333,30.18773946360153,21.471264367816094,40.337164750957854,34.52107279693487,61.808429118773944,437.4562067866251,2.797188785113906,4557.389533237757,253.18830740209748,0.14581873559554184,69.86371526975947,3.1981231230991263,64,354,1211.9222412109375,143,8749,7110,0.15141190588474274,0.13106723129749298,0.32300347089767456,0.6393070816993713,8.98011589050293,46958,66752,287,261,2317,17349,90,30776,93,0,674,647,4862,0
Giskard,2.328185328185328,11.768339768339768,7.5482625482625485,14.287644787644787,14.096525096525097,21.835907335907336,119.64990020035066,1.4102611736161195,583.1509159237452,32.39727310687472,0.039883300066783534,78.65074039099895,3.087248348978151,37,150,115.3846206665039,85,2572,1697,0.049391698092222214,0.05914955213665962,0.09251559525728226,0.032501667737960815,0.6844841241836548,34358,43483,286,503,2140,12491,205,5431,208,0,980,620,2927,0
Gluonts,3.7386468952734013,18.341983317886932,14.163113994439296,25.89156626506024,22.080630213160333,40.054680259499534,233.89946073335204,2.58581401956891,1664.0390775075236,92.44661541708437,0.07796648691111731,79.0433922719718,2.3622723546492335,135,1034,7374.951171875,355,8426,6863,0.05070445314049721,0.049440812319517136,0.21764609217643738,0.2187310755252838,2.4555459022521973,135353,170426,1278,1075,6011,33617,270,38685,273,0,3502,1795,5525,0
Google Flax,4.27355623100304,22.221884498480243,16.86018237082067,30.778115501519757,26.49544072948328,47.638297872340424,294.7382476641164,2.8891433138086677,2552.325243398654,141.7958468554809,0.09824608255470546,74.79765483415626,3.05339996773345,45,263,3062.9091796875,108,2977,2324,0.04605536907911301,0.04510195925831795,0.4508417546749115,0.227261021733284,2.830408811569214,50461,66006,901,312,3357,18421,72,16349,75,0,608,25353,4465,0
Google JAX,5.659722222222222,67.99305555555556,51.477777777777774,92.88472222222222,73.65277777777777,144.3625,1182.8697372828785,3.8073988820134934,13878.318108528465,771.0176726960264,0.3942899124276253,69.6309545060283,2.665839627825697,120,719,849.0208129882812,271,7028,5605,0.025895485654473305,0.025431333109736443,0.11649305373430252,0.032873522490262985,0.48743849992752075,216447,276352,1046,693,18517,97037,129,44438,132,0,3553,126862,26099,0
GPT-Engineer,2.116279069767442,9.581395348837209,5.965116279069767,11.209302325581396,11.69767441860465,17.174418604651162,86.88124367663399,1.238763307159137,394.6695320072985,21.926085111516596,0.028960414558877986,82.51776536979206,2.959659755983273,0,0,0.0,0,0,0,0,0.0,0.0,0,0.0,7742,9769,43,86,286,1778,27,2771,30,0,14,82,288,0
GPTDiscord,4.642857142857143,35.357142857142854,24.69047619047619,44.476190476190474,40.0,69.16666666666667,469.69747819467784,2.847792435117849,3795.4234994656804,210.85686108142676,0.15656582606489267,59.569914180952914,3.2697332407561555,12,115,206.75,29,695,583,0.04615993797779083,0.046225473284721375,0.3333333432674408,0.19334916770458221,3.6249475479125977,12630,15035,80,42,558,4404,8,973,11,0,49,168,662,0
Gradio,1.4181438998957248,9.211678832116789,6.020855057351408,11.494264859228362,10.629822732012514,17.51511991657977,116.45307724479063,0.8930579056416135,871.2395772647465,48.40219873693039,0.03881769241493025,85.9168776229571,3.1280430116659588,91,4423,612906.375,312,2279,2056,0.03472151979804039,0.033424753695726395,0.07985348254442215,1.8067090511322021,13.475343704223633,59214,68183,399,959,2391,16154,529,5559,532,0,3737,758,3777,0
Gymnasium,4.785714285714286,28.714285714285715,22.517006802721088,41.98979591836735,33.5,64.50680272108843,425.7225146430648,3.2541671586704357,4402.240372672005,244.56890959288893,0.14190750488102155,68.4142709769064,2.9853182723213156,61,343,2389.066650390625,149,3118,2482,0.06696886569261551,0.06735359877347946,0.2043715864419937,0.1690644472837448,2.173097610473633,37062,46293,248,293,1690,12530,64,11486,67,0,1303,560,3238,0
Horovod,4.394409937888199,37.37888198757764,25.695652173913043,48.807453416149066,41.77329192546584,74.5031055900621,619.8463830665265,2.7474442546673012,6749.678064864822,374.98211471471245,0.20661546102217546,76.27496791000947,3.0555600316557694,123,1200,1607.370361328125,271,6574,5438,0.1182996854186058,0.10618125647306442,0.2336946725845337,0.40337562561035156,5.458619594573975,45968,61913,369,320,2869,24817,97,10685,100,0,2142,1850,3757,0
ImageAI,3.4263565891472867,20.8062015503876,14.782945736434108,28.527131782945737,24.232558139534884,43.310077519379846,271.37427310936584,2.257996391704885,2009.5520984822779,111.64178324901549,0.09045809103645529,80.35316726770772,2.6843129933983536,12,80,589.1000366210938,31,882,747,0.08528371155261993,0.073243647813797,0.2083333432674408,0.14933212101459503,2.3407163619995117,8759,12042,37,129,473,4280,39,2777,42,0,275,155,1612,0
imbalanced-learn,3.0783132530120483,20.126506024096386,15.319277108433734,24.662650602409638,23.204819277108435,39.98192771084337,238.14973643345309,1.9383869191567809,1240.2249644875117,68.90138691597286,0.07938324547781772,77.60206055628223,2.8465594370051726,24,88,111.11111450195312,53,1648,1230,0.05088953301310539,0.05359349772334099,0.25462964177131653,0.05260423943400383,1.1166906356811523,24170,30750,97,171,894,6343,52,9775,55,0,184,602,1713,0
InsightFace,5.276134122287968,32.88560157790927,25.63905325443787,48.036489151873766,38.16173570019724,73.67554240631164,488.5131173325977,3.7778142529019947,4737.156001027134,263.1753333903968,0.16283770577753195,72.02392101612973,4.149789739008691,373,4267,218669.4375,1273,32946,29485,0.23540541529655457,0.2168455868959427,0.24410705268383026,2.7305333614349365,21.849884033203125,125252,151933,702,1016,4624,59177,235,27797,238,0,2758,3585,13159,0
Kaolin,3.6356877323420074,27.16728624535316,45.60223048327138,61.9368029739777,30.802973977695167,107.53903345724908,477.8597659975701,13.237902592899975,123438.20077434956,6857.6778207971975,0.15928658866585674,76.28251702704412,3.1843828728408137,26,146,279.3571472167969,57,1371,1039,0.029002903029322624,0.03084433823823929,0.11263737082481384,0.03117622807621956,0.5535012483596802,35824,44449,200,269,1761,12825,120,12613,123,0,3590,950,3102,0
Kedro,2.103734439834025,21.734439834024897,13.340248962655602,25.61825726141079,23.83817427385892,38.95850622406639,269.49613337078273,1.1942163626254956,1198.140729971829,66.56337388732383,0.08983204445692755,81.13937789072851,2.8628790298766367,17,76,44.94117736816406,34,880,724,0.0275547094643116,0.027289360761642456,0.11764705926179886,0.02668159268796444,0.7011476755142212,26275,32247,221,241,1847,9183,121,5423,124,0,309,870,426,0
Keras,5.009360374414976,29.443057722308893,22.945397815912635,41.40561622464899,34.45241809672387,64.35101404056162,418.34216326308194,3.4330766176663388,3867.5085143993865,214.86158413329926,0.13944738775436072,64.9182075524089,2.2924491797402764,204,1425,7765.7236328125,511,12912,10350,0.06820158660411835,0.07214415073394775,0.2288568913936615,0.1943693310022354,2.1695716381073,151756,178975,1184,641,8708,54818,56,35002,59,0,4036,2194,8072,0
Kserve,1.293956043956044,6.178571428571429,4.21978021978022,8.082417582417582,7.472527472527473,12.302197802197803,64.64312464799482,0.8092481288405894,296.1719639286979,16.45399799603878,0.021547708215998513,88.6930276749295,1.979717568101829,165,24027,3757225.5,1672,8854,8127,0.14794385433197021,0.12554769217967987,0.10297827422618866,39.773929595947266,98.9605712890625,54933,70523,303,728,3609,14030,394,22860,397,0,887,904,5494,0
Lightning,2.828358208955224,16.708955223880597,11.504477611940299,21.540298507462687,19.53731343283582,33.04477611940298,200.78391097259558,1.7627371800598948,1343.2689692460947,74.62605384700525,0.06692797032419834,78.44998239357976,2.4314402569764133,69,449,803.2777709960938,147,4410,3630,0.028710858896374702,0.026113834232091904,0.18518519401550293,0.058077313005924225,0.8682681322097778,126433,168876,2019,1316,10046,56029,390,31969,393,0,5509,4418,10442,0
Ludwig,2.931972789115646,17.12108843537415,11.727891156462585,22.153741496598638,20.053061224489795,33.881632653061224,210.1035668122571,1.86339007889186,1704.069198861445,94.67051104785799,0.07003452227075237,77.24356026822515,2.3703396056093293,215,1399,3975.0087890625,690,12667,9992,0.09387712925672531,0.0929524376988411,0.12275747954845428,0.1889277994632721,2.2791993618011475,106437,136274,1106,733,5563,32918,145,21052,148,0,4933,2209,8468,0
Mage-ai,1.369483407458091,6.731098186794389,4.533014026684913,8.581936366746493,8.10058159425248,13.114950393431407,75.72567873412332,0.8417302971597552,491.65869896247136,27.314372164581695,0.025241892911374395,86.36949724284236,3.7210049992830094,209,1789,3196.636474609375,525,13169,10223,0.06076257675886154,0.06367065012454987,0.09235899895429611,0.12416605651378632,1.538519263267517,168245,206830,1919,2922,7575,56810,1463,17997,1466,0,212,2525,7628,0
Mars,3.777275661717237,22.207876049063913,16.502259522272436,31.20271142672692,25.98515171078115,47.70497094899935,309.80987355908417,2.5394481325393796,2712.6974661608233,150.70541478671308,0.1032699578530272,73.87056093369152,3.3670706012483222,150,966,3096.176513671875,491,17473,8348,0.03804801031947136,0.06211761012673378,0.10104575008153915,0.19312992691993713,2.4022719860076904,219407,281289,1866,1549,11576,93200,337,65294,340,0,8333,3371,14851,0
Matplotlib,4.087476979742173,38.074585635359114,29.994475138121548,54.33977900552486,42.16206261510129,84.3342541436464,652.5619645403217,2.857356351883024,8104.235947726984,450.23533042927744,0.21752065484677388,77.51170094286202,2.4701731335349595,61,318,239.42857360839844,131,4009,2330,0.015337726101279259,0.018967637792229652,0.11943794041872025,0.015562009066343307,0.28406795859336853,151913,211360,890,1054,8096,57195,211,73459,214,0,3755,4340,12695,0
metatransformer,4.740701381509033,29.06163655685441,24.090329436769395,44.0403825717322,33.80233793836344,68.13071200850159,455.63708211386887,3.516830313351818,4811.326035234375,267.2958908463544,0.15187902737128955,76.47589351516353,4.020176772823192,239,2425,5190.9443359375,574,17423,14487,0.14812277257442474,0.14528732001781464,0.18711452186107635,0.4072684347629547,4.757179260253906,97804,119921,932,940,4319,48958,300,18818,303,0,3076,2723,12464,0
Mindsdb,2.016318537859008,9.934073107049608,6.438642297650131,12.469321148825065,11.950391644908617,18.907963446475197,104.37002496871322,1.2517134082191812,592.2387329295309,32.90215182941841,0.034790008322904506,82.21430024798514,3.6787329587256417,222,2139,60578.28125,828,12582,8121,0.076109878718853,0.09453681856393814,0.21757976710796356,0.8517996072769165,7.720019340515137,106701,133091,1172,1526,5712,41621,507,18892,510,0,2356,1707,6882,0
MLflow,2.117079058539529,16.989136994568497,10.7954133977067,20.68316234158117,19.106216053108028,31.47857573928787,211.11144118677578,1.251686299626992,1384.016608138538,76.88981156325214,0.07037048039559206,79.59739738976278,2.613584790669583,363,1341,5218.6015625,1072,16189,13254,0.067737877368927,0.06744545698165894,0.07920381426811218,0.0857388898730278,1.0015908479690552,195666,240031,854,1656,10787,71754,707,33286,710,0,9717,8123,5536,0
Mycroft,2.4183673469387754,13.374149659863946,8.982993197278912,16.843537414965986,15.79251700680272,25.8265306122449,166.32267387359616,1.4166882581431604,1531.100371358553,85.06113174214187,0.055440891291198814,82.90886514857715,2.7431688237209535,3,8,3.625,6,138,88,0.00338175380602479,0.004009297117590904,0.0625,0.0008838674984872341,0.06863100826740265,26022,34420,285,293,2115,12480,121,9330,124,0,618,610,934,0
Neural Prophet,4.438202247191011,36.73033707865169,27.775280898876403,52.46067415730337,41.168539325842694,80.23595505617978,586.6776309175153,3.031384082454526,6584.384880699003,365.7991600388335,0.19555921030583842,77.24046054537395,4.4563913885412605,23,115,515.1333618164062,53,1242,1116,0.06038634106516838,0.0588793009519577,0.14420290291309357,0.06709593534469604,1.0744519233703613,18481,21094,46,89,481,7051,35,6464,38,0,131,308,1780,0
NNI,3.984873949579832,20.816806722689076,14.650420168067226,27.68487394957983,24.80168067226891,42.33529411764706,261.22695036189816,2.650006163638449,2118.1885454251433,117.6771414125083,0.08707565012063263,76.19124675533962,2.9560389561693814,134,1203,2207.017578125,308,11447,9407,0.08858315646648407,0.08270774781703949,0.2530636191368103,0.2932681441307068,3.8071341514587402,106194,138403,1452,1172,7031,51219,416,30317,419,0,4211,3302,11551,0
Numpy,4.967189728958631,60.34522111269615,50.827389443651924,91.24679029957204,65.31241084165478,142.07417974322397,1144.1895183906254,3.891111983834781,16757.236309803782,930.957572766877,0.381396506130208,66.92563666912837,2.6442847000581353,101,715,2344.466796875,268,8105,4421,0.021764280274510384,0.03278337046504021,0.09460946917533875,0.0388721264898777,0.5009373426437378,203131,247229,1754,682,10938,81220,186,74709,189,0,27727,6156,18494,0
ONNX,0.5071449402158064,2.909886264216973,2.3400408282298044,4.194808982210557,3.4170312044327793,6.534849810440361,41.846748550029865,0.36135887157102276,406.8941374131443,22.605229856285767,0.013948916183343313,96.87942669660332,2.556524754595784,166,608,949.7000122070312,404,10583,9646,0.1307435780763626,0.11722029745578766,0.10583764314651489,0.13267435133457184,1.9348739385604858,73778,90283,613,3429,3077,23266,2932,7737,2935,0,3424,282,5929,0
Open-Assistant,1.9849624060150375,9.209022556390977,6.619548872180451,12.475187969924812,11.193984962406015,19.094736842105263,113.70125770854733,1.3068994342833988,953.981226332333,52.99895701846286,0.03790041923618251,85.39859006208107,2.907494824535195,20,127,53.375,52,1214,980,0.03169264644384384,0.030801238492131233,0.15625,0.07556512951850891,1.8996614217758179,30922,39414,338,649,1501,10925,337,3977,340,0,519,444,3264,0
OpenAI Baselines,5.378205128205129,26.166666666666668,18.525641025641026,35.15384615384615,31.544871794871796,53.67948717948718,327.94942974241286,3.5322356924520286,2637.2310875474113,146.51283819707834,0.10931647658080426,68.5649940069629,2.7481614821070055,1,16,88.0,2,82,76,0.005738014355301857,0.004906653892248869,0.5,0.049528125673532486,1.1061509847640991,13245,16712,127,156,1002,7825,25,2933,28,0,625,264,2142,0
OpenAI Python API library,1.2078431372549019,10.058823529411764,7.67843137254902,14.129411764705882,11.266666666666667,21.807843137254903,128.93408336997084,0.8437939529620332,710.7598082345165,39.4866560130287,0.04297802778999028,83.74708543247849,2.170522620692812,66,383,611.861572265625,183,4848,3144,0.1277373731136322,0.1602115035057068,0.20830096304416656,0.47453346848487854,7.382058620452881,24613,30260,486,240,1403,5509,46,5447,49,0,265,200,1354,0
OpenVINO,2.1319444444444446,12.018849206349206,8.286210317460318,15.655753968253968,14.15079365079365,23.941964285714285,141.55172083661492,1.4102443836440433,924.348056214615,51.35266978970082,0.047183906945538145,83.98964602835251,3.2109319400195853,234,1223,9344.34765625,679,15172,12952,0.08558665961027145,0.08023735135793686,0.18759022653102875,0.16874255239963531,1.8454786539077759,151332,189089,1774,2014,7965,55489,745,36453,748,0,2796,2955,8794,0
Optuna,4.417948717948718,26.182051282051283,19.73076923076923,36.717948717948715,30.6,56.44871794871795,364.54366084585973,3.001935737316209,3068.3271429778183,170.46261905432328,0.12151455361528654,71.60930726184158,3.2148348845094485,44,330,550.727294921875,96,2743,1757,0.03464526683092117,0.04262162744998932,0.1597796231508255,0.09862437099218369,1.5625511407852173,50714,64357,303,386,2717,19404,79,12407,82,0,2690,1258,1851,0
Paddle,4.122579466569237,24.9165144318597,19.754110339788088,35.6200219218122,29.039093898428938,55.374132261600295,356.3288308668572,2.8785541830903028,3274.0793108937273,181.89329504965312,0.11877627695561913,69.37261045860078,3.228818072455524,2218,16418,177732.328125,6068,142670,123748,0.12186349928379059,0.11226335912942886,0.0973123088479042,0.21622797846794128,1.7885862588882446,1015464,1270851,17505,5467,61783,427393,800,207606,803,0,77116,30550,60786,0
Pandas,5.007551919446192,45.15921963499056,33.583385777218375,61.6979232221523,50.16677155443675,95.28130899937068,683.2392407204193,3.419751097740376,6638.8437293030365,368.824651627945,0.22774641357347286,61.49117823521468,2.7166224454238317,159,557,1551.1334228515625,341,10863,7830,0.017806218937039375,0.01960320770740509,0.0870719850063324,0.010885217227041721,0.1481637805700302,439734,554144,2063,1516,27076,186063,254,94470,257,0,16787,13010,21488,0
Pocker,3.4634146341463414,33.609756097560975,24.341463414634145,46.74390243902439,37.073170731707314,71.08536585365853,503.86596790512846,2.317718087000285,4162.6683248572235,231.25935138095676,0.1679553226350429,75.11268085285428,4.382145281532753,16,100,1550.6666259765625,34,263,235,0.021698983386158943,0.020117800682783127,0.125,0.0847029834985733,1.1529289484024048,10830,13073,66,82,499,5231,26,1073,29,0,51,576,1377,0
Pybrain,3.50968992248062,21.912790697674417,16.521317829457363,30.78875968992248,25.42248062015504,47.310077519379846,308.241254771109,2.335931278653412,2324.27146502085,129.12619250115822,0.1027470849237029,79.41282384904912,2.629555604199294,20,125,44.400001525878906,53,1034,923,0.03487493470311165,0.027139820158481598,0.17555555701255798,0.056202929466962814,1.481552004814148,26466,38099,465,516,2235,14550,148,8822,151,0,2171,1280,7000,0
PyCaret,3.8541666666666665,27.229166666666668,22.203125,40.375,31.083333333333332,62.578125,435.9825516763872,2.667678634748008,4638.290790010216,257.6828216672343,0.14532751722546244,72.27520311041224,2.9421135713493443,109,1028,7378.716796875,273,6868,5306,0.08723530173301697,0.09568258374929428,0.2023584544658661,0.404217928647995,4.5354204177856445,60824,71779,260,192,1765,15388,49,27303,52,0,1092,954,2107,0
pycm,3.4186046511627906,56.76744186046512,38.674418604651166,75.65116279069767,60.18604651162791,114.32558139534883,924.3495457760441,2.117868501745842,5848.548961710786,324.9193867617103,0.3081165152586815,79.69178056912365,2.657233030137312,4,30,2.0,8,170,108,0.013416148722171783,0.011947431601583958,0.1666666716337204,0.025672879070043564,3.702120542526245,8050,14229,15,43,296,2399,12,8688,15,0,56,63,1958,0
PyMC,6.793859649122807,58.43421052631579,44.35087719298246,80.7280701754386,65.2280701754386,125.07894736842105,919.7017498883869,4.503280378748102,9527.717699729254,529.3176499849582,0.30656724996279583,63.324464554712556,3.244879279664624,23,250,149.33334350585938,46,1506,1152,0.017338169738650322,0.017922384664416313,0.21256038546562195,0.10885186493396759,2.174006938934326,66443,84029,724,223,3566,25545,54,21055,57,0,4428,1771,5679,0
Pyro,5.837555886736214,38.75558867362146,30.94634873323398,55.05812220566319,44.59314456035767,86.00447093889717,570.1938899902782,3.9924338927373,4876.397421389966,270.9109678549981,0.19006462999675974,67.86127307934171,2.8925169386007847,60,313,449.5833435058594,124,3943,3515,0.033813681453466415,0.03056683950126171,0.20000000298023224,0.046078961342573166,0.754349410533905,103952,128996,721,667,6130,43901,106,26470,109,0,12068,2421,7832,0
PyTensor,6.655086848635236,86.64516129032258,66.71960297766749,123.46898263027295,93.30024813895781,190.18858560794044,1573.469678923663,4.536165950339147,19108.936942211658,1061.6076079006486,0.5244898929745543,56.48726636675162,3.9074571106867597,88,698,858.965087890625,205,6236,4039,0.025350062176585197,0.03108937479555607,0.1293831169605255,0.08899403363466263,1.3172359466552734,159329,200583,1111,400,8852,68070,79,36284,82,0,4476,4974,18792,0
PyTorch,4.564951497258541,40.060312104597216,29.878954027836357,55.193378321383385,44.62526360185576,85.07233234921974,652.7100838860827,3.0204640603933104,7965.933613192618,442.5518673995886,0.21757002796202748,69.87334335087559,2.5553872499614005,756,4250,11076.775390625,1897,44126,34779,0.029798302799463272,0.0301092229783535,0.07452578842639923,0.03100445866584778,0.33292877674102783,1167147,1465531,12722,4695,82766,512045,1180,205233,1183,0,101181,47802,125983,0
Pytorch image models,8.724907063197026,47.80297397769517,39.44237918215613,73.1635687732342,56.52788104089219,112.60594795539033,744.1164651987805,6.604659796458665,8530.622046581888,473.923447032327,0.2480388217329268,59.05260717276751,4.136623718769368,23,173,604.625,52,1213,1063,0.015702320262789726,0.014525380916893482,0.16847826540470123,0.028542622923851013,0.44565463066101074,67697,83509,710,269,4154,27520,23,11292,26,0,987,875,7477,0
qlib,4.912832929782082,23.544794188861985,16.602905569007262,31.113801452784504,28.45762711864407,47.71670702179177,300.057378331801,3.1587426181156153,2735.6737909562294,151.9818772753461,0.10001912611060042,75.52530932880202,2.741801453469701,40,686,8345.0,160,3180,2589,0.04689367860555649,0.04628888517618179,0.20749999582767487,0.5454301834106445,6.033254623413086,55210,68699,686,413,3261,21878,135,18766,138,0,1272,971,4864,0
Rasa,2.9345549738219896,21.56151832460733,13.674083769633508,25.29581151832461,24.49607329842932,38.96989528795812,249.90645589360733,1.7084040203395123,1469.8678704692156,81.65932613717868,0.08330215196453566,74.76965648979406,2.3315981811636997,121,416,258.4285888671875,276,6720,4920,0.03686000779271126,0.041334766894578934,0.09012199938297272,0.022082291543483734,0.3975461423397064,133478,162575,555,757,6670,37544,273,21513,276,0,4990,2299,2176,0
Ray,3.51358574610245,21.670824053452115,14.875055679287305,27.93118040089087,25.184409799554565,42.806236080178174,272.0876262649702,2.2195449324168948,2092.450160305054,116.24723112805792,0.09069587542165639,75.00088140516989,3.104391986434674,504,7153,170033.125,1398,28420,23254,0.03713931143283844,0.03583189845085144,0.14345189929008484,0.8600844144821167,7.1292195320129395,626129,793148,5403,4479,34640,227198,1358,149343,1361,0,21472,20059,24696,0
Recommenders,3.0034129692832763,20.092150170648463,14.023890784982935,26.208191126279864,23.09556313993174,40.232081911262796,246.65245624521035,1.9881070830170422,1610.5185117357034,89.47325065198365,0.08221748541507014,78.573675801717,2.7852952925345007,45,290,203.98947143554688,105,3574,2913,0.08253293484449387,0.0838652178645134,0.10413255542516708,0.07634390145540237,1.4354583024978638,35295,42616,99,293,1355,11911,121,8826,124,0,333,787,1956,0
Redash,1.6894273127753303,5.97136563876652,3.6806167400881056,6.958149779735683,7.6607929515418505,10.638766519823788,50.49610361474836,0.982994152215597,211.17612617638935,11.732007009799421,0.016832034538249448,80.31094130748976,2.4053691824922643,12,83,30.8125,26,661,467,0.016128474846482277,0.017857626080513,0.1128472238779068,0.022267311811447144,0.6495774388313293,28955,37015,442,454,2231,12717,194,1579,197,0,703,486,1942,0
river,3.8957915831663326,17.661322645290582,12.414829659318638,23.671342685370742,21.557114228456914,36.08617234468938,208.81879280045482,2.565888633285167,1540.1972062202149,85.56651145667857,0.06960626426681843,75.20669414350758,2.670794036127931,16,146,236.60000610351562,34,1144,646,0.011968282051384449,0.01788170635700226,0.15000000596046448,0.03816511109471321,0.6981686949729919,53976,63976,609,487,2846,13828,83,27365,86,0,780,615,3364,0
RLAgents,3.152941176470588,14.588235294117647,10.594117647058823,19.941176470588236,17.741176470588236,30.53529411764706,190.0591011904063,2.0439714444115538,1710.977454077946,95.05430300433036,0.06335303373013544,85.22967058769446,2.452006093627209,0,0,0.0,0,0,0,0,0.0,0.0,0,0.0,7914,9764,113,170,710,4184,99,1674,102,0,114,272,959,0
scikit-learn,6.089478859390364,47.581120943952804,35.80137659783677,65.34611602753196,53.670599803343165,101.14749262536873,720.8117380519452,4.153817491048065,7451.790321023652,413.9883511679805,0.2402705793506485,66.64270529761225,2.922112058173359,100,446,955.6190795898438,224,6116,4535,0.015027354471385479,0.01579631119966507,0.1254761964082718,0.011867562308907509,0.17293688654899597,301783,387179,904,1015,10294,92749,179,132470,182,0,2997,7090,22098,0
Scikit-multiflow,4.900602409638554,27.572289156626507,19.930722891566266,38.27710843373494,32.47289156626506,58.20783132530121,365.5792082893633,3.365014155485402,3069.418623710687,170.52325687281592,0.12185973609645448,71.71166945718481,3.201388693788283,112,1343,6475.6865234375,480,5550,3735,0.0940806046128273,0.1179671362042427,0.1832142025232315,1.1064387559890747,12.54144287109375,39700,47047,215,332,1732,15148,62,17832,65,0,167,690,3135,0
SciPy,6.124793388429752,90.76611570247934,78.57190082644628,139.499173553719,96.89090909090909,218.0710743801653,1886.291390258081,4.576573322320537,26204.51344326928,1455.8063024038477,0.6287637967526946,66.46806823952089,2.3986417018785557,169,884,1204.5467529296875,391,14397,5780,0.015721431002020836,0.0317840538918972,0.10533859580755234,0.03433847427368164,0.48405537009239197,367651,452963,2168,1189,18978,140357,309,164732,312,0,5585,9229,48068,0
Scrapy,2.7289972899728996,11.208672086720867,7.170731707317073,13.235772357723578,13.937669376693767,20.40650406504065,105.42687747658151,1.599863627432929,486.004849045976,27.00026939144314,0.03514229249219387,72.45711749237937,2.2555212699718536,29,80,155.1666717529297,62,1483,1235,0.025411000475287437,0.0247604101896286,0.08908046036958694,0.00841203611344099,0.16675643622875214,48601,59894,1184,362,4300,20401,60,5000,63,0,1352,1062,2639,0
seaborn,4.849397590361446,61.3855421686747,41.57831325301205,78.25301204819277,66.23493975903614,119.83132530120481,967.726448314289,3.1275853114946384,10189.790022704503,566.0994457058059,0.32257548277142956,68.96714910085564,3.693299455995625,16,163,458.857177734375,39,832,543,0.013317636214196682,0.015446022152900696,0.1428571492433548,0.043705396354198456,0.713110089302063,40773,53865,275,162,2572,21243,25,6937,28,0,702,1627,4969,0
Snorkel,2.0256410256410255,8.301282051282051,7.314102564102564,12.679487179487179,10.326923076923077,19.993589743589745,107.13007184445486,1.4017276430167218,736.2947319445738,40.90526288580967,0.03571002394815159,81.49976586718275,2.794479742826654,8,26,138.3000030517578,18,466,299,0.02696365676820278,0.0341092087328434,0.2083333432674408,0.04108576104044914,0.8334604501724243,11089,13662,152,156,649,3980,49,4172,52,0,361,212,785,0
Sonnet,2.8010752688172045,11.091397849462366,7.741935483870968,14.204301075268818,13.89247311827957,21.946236559139784,115.26176590933764,1.8118939434937344,663.2198856227267,36.84554920126259,0.03842058863644585,80.05700961827628,1.992426978643608,4,28,60.0,8,203,138,0.008341897279024124,0.00888052862137556,0.1666666716337204,0.016186771914362907,0.3953425884246826,16543,22859,323,186,1313,6678,55,6209,58,0,577,9020,1402,0
spaCy,2.193842645381984,16.789053591790193,11.538198403648803,21.96237172177879,18.982896237172177,33.50057012542759,215.41218101580833,1.4214996487149014,1399.512038505234,77.7506688058464,0.07180406033860279,78.88665806627543,4.6233747948755175,38,412,384.20001220703125,93,2568,2177,0.019725456833839417,0.02087228000164032,0.27105262875556946,0.11659493297338486,1.9589450359344482,110365,123034,130,868,3124,26443,209,8459,212,0,790,1387,2235,0
Stable Diffusion webui,5.690476190476191,38.035714285714285,27.96031746031746,53.05555555555556,43.726190476190474,81.01587301587301,576.1884778242223,3.8152010654113813,6536.292174026668,363.12734300148145,0.19206282594140764,62.54920413076638,4.148005605641106,96,702,12402.111328125,360,2306,2008,0.06592252105474472,0.05780318006873131,0.23842592537403107,1.4687787294387817,15.457914352416992,30460,39894,314,251,1981,18946,48,2823,51,0,626,679,5454,0
Stanza,5.265560165975104,32.54979253112033,22.649377593360995,42.8402489626556,37.815352697095435,65.4896265560166,421.8292581422905,3.42796070179164,3607.3114339753993,200.40619077641105,0.1406097527140969,68.90054751048378,4.303277337743982,25,310,199.4375,64,1307,543,0.009413029067218304,0.017241379246115685,0.18449999392032623,0.05181174725294113,0.978379487991333,57686,75806,260,481,2991,30167,59,15122,62,0,2414,2100,5754,0
Statsmodels,5.523809523809524,78.15254237288136,71.75706214689265,108.57869249394673,83.67635189669087,180.33575464083938,1558.5728712531027,3.9514994073146195,11478.754246805522,637.7085692669738,0.5195242904177008,66.63768417669358,2.2085906521948258,316,1592,6241.1865234375,861,20006,14781,0.04539340361952782,0.04805830493569374,0.1022481694817543,0.059693433344364166,0.6830645799636841,325620,416286,2168,1236,12087,110890,225,126164,228,0,4398,8648,21352,0
SuperAGI,1.7367387033398822,7.94106090373281,4.990176817288802,9.63261296660118,9.677799607072691,14.62278978388998,68.99351323684256,1.0552059911949185,251.67689745266722,13.98204985848153,0.022997837745614258,80.89639486756992,2.5311745328151183,11,66,44.900001525878906,24,623,483,0.01861989125609398,0.019039761275053024,0.1818181872367859,0.027872012928128242,0.7326053380966187,25940,32721,396,509,1603,10383,112,5997,115,0,1354,1265,3104,0
TensorFlow,3.190865576386119,22.379337854008774,16.8968887116075,30.295771838851216,25.570203430394894,47.19266055045872,321.3097493471461,2.099504987068557,2896.090883895574,160.89393799419884,0.10710324978238174,78.18357830669666,2.2489022620424883,886,4883,9274.45703125,2170,48152,36835,0.03904891759157181,0.040293820202350616,0.07988439500331879,0.0432821661233902,0.47380131483078003,943304,1195022,6137,5000,61312,372365,1987,306853,1990,0,31206,479025,70623,0
TensorForce,4.7967032967032965,33.87362637362637,28.25824175824176,53.005494505494504,38.67032967032967,81.26373626373626,571.4323076101698,3.499659843693561,6473.637887866627,359.6465493259236,0.1904774358700566,73.37525233328286,5.329001759479274,21,177,782.6000366210938,44,1217,1066,0.04029941186308861,0.03435039147734642,0.20476190745830536,0.09076062589883804,1.3621516227722168,26452,35429,194,182,1379,12434,34,8265,37,0,568,539,1138,0
TensorLayer,4.5864406779661016,28.627118644067796,22.196610169491525,41.74576271186441,33.2135593220339,63.94237288135593,422.0715402866845,3.3590403169727665,3886.132446205196,215.8962470113999,0.14069051342889502,72.48914714170715,2.4669794195926746,70,621,1374.6666259765625,162,4894,3698,0.08746245503425598,0.0874490737915039,0.2107936590909958,0.41027623414993286,5.671710968017578,42281,55964,316,295,2049,16417,62,18081,65,0,2668,966,5640,0
TensorLayerX,5.605042016806722,45.61764705882353,37.529411764705884,70.74789915966386,51.22268907563025,108.27731092436974,797.8803822165843,4.338164419022144,9473.92744536832,526.3293025204624,0.265960127405528,65.98904930467297,2.1932651502295673,105,1465,3508.25927734375,265,7338,4881,0.07796377688646317,0.09295785427093506,0.1940992772579193,0.47628259658813477,5.828128337860107,62606,78939,994,238,4635,23900,48,27813,51,0,2347,1769,9114,0
torchvision,5.337028824833703,37.33259423503326,27.647450110864746,50.87361419068736,42.669623059866964,78.5210643015521,563.9114110181054,3.5767135033877264,6046.322669696381,335.9068149831323,0.1879704703393683,70.6319138596719,4.017551323880581,107,538,1183.647705078125,333,8411,5901,0.0694897472858429,0.0783577561378479,0.09667707234621048,0.10690309852361679,1.510593295097351,84919,107341,979,451,4756,33343,127,19281,130,0,3864,1343,8186,0
TPOT,1.9102564102564104,15.128205128205128,9.833333333333334,18.294871794871796,17.03846153846154,28.128205128205128,198.3433273619575,1.1798852593168765,1757.2006880253612,97.6222604458534,0.06611444245398583,86.498296222164,2.339941881554948,10,36,45.66666793823242,28,581,308,0.03356216475367546,0.04768157750368118,0.1111111119389534,0.040197111666202545,1.051864743232727,9177,12185,21,78,386,2956,30,3033,33,0,55,708,588,0
Transformers,6.231448185681595,51.35632559660019,46.40372670807454,81.88166067342269,57.58777378228179,128.28538738149723,937.7979838187854,4.7798156111884795,12474.980316050709,693.0544620028113,0.31259932793959516,64.18519726814957,4.196742421474634,4391,94831,2844476.0,19238,353572,272225,0.2711855471134186,0.2780430018901825,0.31172722578048706,13.024434089660645,70.46231079101562,1003833,1271645,11585,3050,45298,395313,736,236770,739,0,36038,21123,113238,0
TTS,4.291984732824427,24.14885496183206,18.72328244274809,34.75954198473283,28.44083969465649,53.482824427480914,357.63722571164584,2.9802524544012585,3864.6289579823724,214.7016087767985,0.11921240857054853,76.38781605220464,3.1995713951470597,127,764,10025.1044921875,427,7096,5942,0.09387342631816864,0.09233091026544571,0.32738372683525085,0.614916205406189,6.664656639099121,63298,76854,575,522,2728,23564,143,16580,146,0,3136,382,6436,0
vit-pytorch,9.157894736842104,37.70175438596491,29.68421052631579,53.175438596491226,46.85964912280702,82.85964912280701,484.28141382895296,6.4607724512025495,3907.8807107407943,217.10448393004407,0.16142713794298436,53.75062756156172,1.9548900289836861,4,24,310.0,8,220,166,0.023623168468475342,0.022554850205779076,0.5,0.09079265594482422,1.5825666189193726,7027,9754,242,57,669,3881,5,437,8,0,341,178,1388,0
Yellowbrick,2.2452830188679247,10.437106918238994,7.091194968553459,12.751572327044025,12.682389937106919,19.842767295597483,106.5106111721431,1.3801893443140707,474.12273984794814,26.340152213774914,0.03550353705738106,81.61426274407638,2.11435158173131,49,178,399.5151672363281,110,3429,2110,0.05651230737566948,0.06833399832248688,0.15905998647212982,0.10800562798976898,1.8028278350830078,37337,50180,197,318,1584,9863,150,21276,153,0,1603,801,2982,0
